set search_path = 'football_club';
INSERT INTO football_club.club
VALUES (1, 'Барселона', 'Рональд Куман', 1899, 'Камп Ноу', 'Барселона, Испания', 'Ла Лига', 3),
       (2, 'Реал Мадрид', 'Карло Анчелотти', 1902, 'Сантьяго Бернабеу', 'Мадрид, Испания', 'Ла Лига', 4),
       (3, 'Ливерпуль', 'Юрген Клопп', 1892, 'Энфилд', 'Ливерпуль, Англия', 'Премьер-лига', 7),
       (4, 'Манчестер Сити', 'Пеп Гвардиола', 1880, 'Этихад', 'Манчестер, Англия', 'Премьер-лига', 2),
       (5, 'Манчестер Юнайтед', 'Оле Гуннар Сульшер', 1878, 'Олд Траффорд', 'Манчестер, Англия', 'Премьер-лига', 8),
       (6, 'Челси', 'Томас Тухель', 1905, 'Стэмфорд Бридж', 'Лондон, Англия', 'Премьер-лига', 6),
       (7, 'Бавария', 'Хулиан Нагельсманн', 1900, 'Альянц Арена', 'Мюнхен, Германия', 'Бундеслига', 1),
       (8, 'Ювентус', 'Макс Аллегри', 1897, 'Альянц Стэдиум', 'Турин, Италия', 'Серия А', 5),
       (9, 'ПСЖ', 'Маурисио Почеттино', 1970, 'Парк де Пренс', 'Париж, Франция', 'Лига 1', 9),
       (10, 'Зенит', 'Сергей Семак', 1925, 'Газпром Арена', 'Санкт-Петербург, Россия', 'Российская Премьер-лига', 23);

INSERT INTO football_club.coach (coach_id, coach_nm, club_id, age, nationality)
VALUES (1, 'Рональд Куман', 1, 59, 'Нидерланды'),
       (2, 'Карло Анчелотти', 2, 62, 'Италия'),
       (3, 'Юрген Клопп', 3, 54, 'Германия'),
       (4, 'Пеп Гвардиола', 4, 51, 'Испания'),
       (5, 'Оле Гуннар Сульшер', 5, 48, 'Норвегия'),
       (6, 'Томас Тухель', 6, 48, 'Германия'),
       (7, 'Ханс-Дитер Флик', 7, 56, 'Германия'),
       (8, 'Массимилиано Аллегри', 8, 54, 'Италия'),
       (9, 'Маурисио Сарри', 9, 62, 'Италия'),
       (10, 'Сергей Семак', 10, 46, 'Россия');

INSERT INTO football_club.player (player_id, player_nom, nationality, player_nm, club_id, age, position, price)
VALUES
--     Barcelona
       (1, 10, 'Аргентина', 'Лионель Месси', 1, 34, 'Нападающий', 100),
       (2, 1, 'Испания', 'Марк-Андре тер Штеген', 1, 29, 'Вратарь', 60),
       (3, 18, 'Испания', 'Жорди Альба', 1, 32, 'Защитник', 45),
       (4, 3, 'Испания', 'Жерар Пике', 1, 34, 'Защитник', 20),
       (5, 23, 'Франция', 'Самюэль Умтити', 1, 28, 'Защитник', 3),
       (6, 28, 'Испания', 'Оскар Мингеса', 1, 23, 'Защитник', 2),
       (7, 21, 'Голландия', 'Френки де Йонг', 1, 24, 'Полузащитник', 80),
       (8, 5, 'Испания', 'Серхио Бускетс', 1, 32, 'Полузащитник', 40),
       (9, 14, 'Бразилия', 'Филиппе Коутиньо', 1, 29, 'Полузащитник', 50),
       (10, 9, 'Уругвай', 'Луис Суарес', 1, 34, 'Нападающий', 25),
       (11, 22, 'Испания', 'Ансу Фати', 1, 19, 'Нападающий', 90),
       (12, 20, 'Испания', 'Серхио Роберто', 1, 29, 'Полузащитник', 20),
       (13, 17, 'Испания', 'Франсиско Траоре', 1, 21, 'Нападающий', 35),
       (14, 11, 'Франция', 'Усман Дембеле', 1, 23, 'Нападающий', 80),
       (15, 15, 'Испания', 'Клемент Ленгле', 1, 26, 'Защитник', 35),
--     Real Madrid
       (16, 1, 'Испания', 'Тибо Куртуа', 2, 29, 'Вратарь', 50),
       (17, 2, 'Бразилия', 'Даниэль Карвахаль', 2, 29, 'Защитник', 60),
       (18, 3, 'Франция', 'Ферлан Менди', 2, 26, 'Защитник', 35),
       (19, 4, 'Испания', 'Серхио Рамос', 2, 35, 'Защитник', 50),
       (20, 5, 'Испания', 'Рафаэль Варан', 2, 28, 'Защитник', 70),
       (21, 6, 'Бразилия', 'Каземиро', 2, 29, 'Полузащитник', 60),
       (22, 7, 'Бельгия', 'Эдэн Азар', 2, 31, 'Нападающий', 100),
       (23, 8, 'Хорватия', 'Лука Модрич', 2, 36, 'Полузащитник', 30),
       (24, 9, 'Франция', 'Карим Бензема', 2, 34, 'Нападающий', 80),
       (25, 10, 'Испания', 'Иско', 2, 29, 'Полузащитник', 50),
       (26, 11, 'Бразилия', 'Винисиус Жуниор', 2, 21, 'Нападающий', 60),
       (27, 12, 'Австрия', 'Давид Алаба', 2, 29, 'Защитник', 60),
       (28, 13, 'Испания', 'Альваро Одриосола', 2, 25, 'Защитник', 30),
       (29, 14, 'Бразилия', 'Карлос Касемиро', 2, 29, 'Полузащитник', 70),
       (30, 15, 'Испания', 'Дани Себальос', 2, 24, 'Полузащитник', 20),
--     Liverpool
       (31, 1, 'Бразилия', 'Алиссон Беккер', 3, 28, 'Вратарь', 60),
       (32, 26, 'Италия', 'Фабиньо', 3, 27, 'Защитник', 65),
       (33, 3, 'Нидерланды', 'Вирджил ван Дейк', 3, 30, 'Защитник', 90),
       (34, 4, 'Германия', 'Йоэль Матип', 3, 29, 'Защитник', 15),
       (35, 26, 'Италия', 'Трент Александер-Арнольд', 3, 23, 'Защитник', 80),
       (36, 7, 'Голландия', 'Джордан Хендерсон', 3, 30, 'Полузащитник', 25),
       (37, 14, 'Швейцария', 'Ксердан Шакири', 3, 29, 'Полузащитник', 9.5),
       (38, 11, 'Египет', 'Мохамед Салах', 3, 29, 'Нападающий', 120),
       (39, 9, 'Бразилия', 'Фирмино', 3, 29, 'Нападающий', 72),
       (40, 10, 'Сенегал', 'Садио Мане', 3, 29, 'Нападающий', 90),
       (41, 23, 'Англия', 'Харви Эллиот', 3, 18, 'Полузащитник', 3),
       (42, 20, 'Англия', 'Кёртис Джонс', 3, 20, 'Полузащитник', 7),
       (43, 18, 'Англия', 'Маркус Уилльямс', 3, 20, 'Защитник', 1.5),
       (44, 5, 'Франция', 'Ибрахима Конате', 3, 22, 'Защитник', 34),
       (45, 15, 'Испания', 'Алехандро Грей', 3, 24, 'Нападающий', 40),
--     Man City
       (46, 10, 'Аргентина', 'Серхио Агуэро', 4, 32, 'Нападающий', 35),
       (47, 7, 'Англия', 'Рахим Стерлинг', 4, 26, 'Форвард', 110),
       (48, 9, 'Аргентина', 'Габриэль Хесус', 4, 23, 'Форвард', 75),
       (49, 10, 'Италия', 'Лоренцо Инсинье', 4, 30, 'Форвард', 60),
       (50, 14, 'Италия', 'Илкай Гюндоган', 4, 30, 'Полузащитник', 40),
       (51, 17, 'Испания', 'Кевин Де Брюйне', 4, 30, 'Полузащитник', 120),
       (52, 20, 'Франция', 'Аймерик Лапорт', 4, 27, 'Защитник', 65),
       (53, 21, 'Англия', 'Фил Фоден', 4, 21, 'Полузащитник', 70),
       (54, 22, 'Испания', 'Бенхамеди', 4, 27, 'Защитник', 40),
       (55, 25, 'Испания', 'Фернандиньо', 4, 36, 'Полузащитник', 5),
       (56, 27, 'Бельгия', 'Хакими', 4, 22, 'Защитник', 65),
       (57, 31, 'Англия', 'Эдерсон', 4, 27, 'Вратарь', 65),
       (58, 47, 'Португалия', 'Бернарду Силва', 4, 26, 'Полузащитник', 80),
       (59, 69, 'Франция', 'Бенжамен Менди', 4, 27, 'Защитник', 60),
       (60, 80, 'Испания', 'Родри', 4, 25, 'Полузащитник', 70),
--     Man United
       (61, 1, 'Англия', 'Харри Магуайр', 5, 28, 'Центральный защитник', 60),
       (62, 10, 'Франция', 'Антони Марсьяль', 5, 26, 'Левый форвард', 55),
       (63, 9, 'Уругвай', 'Эдинсон Кавани', 5, 35, 'Центральный нападающий', 10),
       (64, 7, 'Испания', 'Алекс Теллес', 5, 28, 'Левый защитник', 35),
       (65, 11, 'Англия', 'Маркус Рэшфорд', 5, 24, 'Левый форвард', 10),
       (66, 6, 'Испания', 'Пау Торрес', 5, 20, 'Правый защитник', 60),
       (67, 18, 'Португалия', 'Бруно Фернандеш', 5, 27, 'Атакующий полузащитник', 80),
       (68, 23, 'Аргентина', 'Хуан Мата', 5, 33, 'Атакующий полузащитник', 15),
       (69, 34, 'Англия', 'Дин Хендерсон', 5, 24, 'Центральный полузащитник', 25),
       (70, 17, 'Сербия', 'Неманья Матич', 5, 33, 'Центральный полузащитник', 10),
       (71, 19, 'Англия', 'Мейсон Гринвуд', 5, 20, 'Центральный нападающий', 80),
       (72, 5, 'Испания', 'Хуан Бисака', 5, 23, 'Правый защитник', 60),
       (73, 3, 'Англия', 'Люк Шоу', 5, 26, 'Левый защитник', 35),
       (74, 20, 'Аргентина', 'Маркос Рохо', 5, 31, 'Центральный защитник', 15),
       (75, 13, 'Франция', 'Поль Погба', 5, 28, 'Центральный полузащитник', 70),
--     Chealsea
       (76, 1, 'Англия', 'Кепа Аррисабалага', 6, 27, 'Вратарь', 22),
       (77, 2, 'Италия', 'Антонио Рюдигер', 6, 28, 'Защитник', 40),
       (78, 3, 'Италия', 'Эмерсон', 6, 27, 'Защитник', 12),
       (79, 4, 'Италия', 'Андреас Кристенсен', 6, 25, 'Защитник', 28),
       (80, 5, 'Бразилия', 'Тьяго Силва', 6, 37, 'Защитник', 5),
       (81, 6, 'Англия', 'Бен Чилуэлл', 6, 24, 'Защитник', 55),
       (82, 7, 'Франция', 'Нголо Канте', 6, 30, 'Полузащитник', 80),
       (83, 8, 'Италия', 'Жоржиньо', 6, 29, 'Полузащитник', 60),
       (84, 9, 'Хорватия', 'Матео Ковачич', 6, 27, 'Полузащитник', 35),
       (85, 10, 'Англия', 'Мейсон Маунт', 6, 22, 'Полузащитник', 60),
       (86, 11, 'Германия', 'Тимо Вернер', 6, 25, 'Нападающий', 55),
       (87, 12, 'Испания', 'Педро', 6, 24, 'Нападающий', 35),
       (88, 13, 'Италия', 'Оливер Жиру', 6, 35, 'Нападающий', 4),
       (89, 14, 'Англия', 'Каллум Хадсон-Одой', 6, 20, 'Нападающий', 40),
       (90, 15, 'Марокко', 'Хаким Зиеш', 6, 28, 'Нападающий', 45),
--     Bayern Munich
       (91, 1, 'Германия', 'Мануэль Нойер', 7, 35, 'Вратарь', 20),
       (92, 17, 'Франция', 'Лука Эрнандес', 7, 25, 'Защитник', 50),
       (93, 27, 'Австрия', 'Давид Алаба', 7, 29, 'Защитник', 40),
       (94, 4, 'Франция', 'Бенжамен Павар', 7, 25, 'Защитник', 30),
       (95, 5, 'Германия', 'Матс Хуммельс', 7, 33, 'Защитник', 20),
       (96, 32, 'Франция', 'Кингсли Коман', 7, 25, 'Полузащитник', 50),
       (97, 18, 'Германия', 'Леон Горецка', 7, 26, 'Полузащитник', 60),
       (99, 10, 'Австрия', 'Златко Юнач', 7, 28, 'Полузащитник', 30),
       (100, 9, 'Польша', 'Роберт Левандовски', 7, 33, 'Нападающий', 80),
       (101, 6, 'Германия', 'Йошуа Киммих', 7, 27, 'Полузащитник', 70),
       (98, 29, 'Франция', 'Кингслей Коман', 7, 25, 'Полузащитник', 50),
       (102, 22, 'Франция', 'Бертран Траоре', 7, 25, 'Защитник', 25),
       (103, 7, 'Германия', 'Серж Гнабри', 7, 25, 'Нападающий', 60),
       (104, 11, 'Испания', 'Дуглас Коста', 7, 30, 'Полузащитник', 20),
       (105, 25, 'Германия', 'Томас Мюллер', 7, 31, 'Нападающий', 60),
       (106, 7, 'Португалия', 'Криштиану Роналду', 8, 36, 'Нападающий', 100),
--     Juventus
       (107, 1, 'Италия', 'Джанлуиджи Буффон', 8, 43, 'Вратарь', 10),
       (108, 5, 'Германия', 'Сами Хедира', 8, 33, 'Полузащитник', 15),
       (109, 9, 'Бразилия', 'Алекс Сандро', 8, 30, 'Защитник', 35),
       (110, 11, 'Италия', 'Федерико Бернардески', 8, 27, 'Полузащитник', 30),
       (111, 13, 'Италия', 'Даниэле Ругани', 8, 26, 'Защитник', 20),
       (112, 15, 'Босния и Герцеговина', 'Миралем Пьянич', 8, 31, 'Полузащитник', 45),
       (113, 17, 'Бразилия', 'Дуглас Коста', 8, 30, 'Нападающий', 20),
       (114, 19, 'Италия', 'Леонардо Бонуччи', 8, 34, 'Защитник', 30),
       (115, 21, 'Уругвай', 'Родриго Бентанкур', 8, 24, 'Полузащитник', 40),
       (116, 23, 'Италия', 'Джорджо Кьеллини', 8, 36, 'Защитник', 10),
       (117, 25, 'Франция', 'Адриан Рабьо', 8, 26, 'Полузащитник', 25),
       (118, 27, 'Италия', 'Хуан Куадрадо', 8, 33, 'Защитник', 18),
       (119, 29, 'Италия', 'Федерико Чьеза', 8, 23, 'Полузащитник', 50),
       (120, 10, 'Аргентина', 'Пауло Дибала', 8, 28, 'Нападающий', 80),
--     PSG
       (121, 10, 'Бразилия', 'Неймар', 9, 29, 'Нападающий', 180),
       (122, 16, 'Аргентина', 'Мауро Икарди', 9, 34, 'Нападающий', 55),
       (123, 6, 'Италия', 'Марко Верратти', 9, 28, 'Полузащитник', 80),
       (124, 2, 'Бразилия', 'Тиаго Силва', 9, 36, 'Защитник', 30),
       (125, 3, 'Бразилия', 'Маркиньос', 9, 26, 'Защитник', 75),
       (126, 11, 'Италия', 'Моизе Кин', 9, 21, 'Защитник', 30),
       (127, 18, 'Италия', 'Джорджиньо', 9, 29, 'Полузащитник', 60),
       (128, 22, 'Кения', 'Риан Бену', 9, 20, 'Полузащитник', 25),
       (129, 25, 'Испания', 'Анхель Ди Мария', 9, 33, 'Полузащитник', 22),
       (130, 1, 'Испания', 'Кейлор Навас', 9, 34, 'Вратарь', 15),
       (131, 5, 'Франция', 'Маркиньос', 9, 26, 'Защитник', 75),
       (132, 27, 'Италия', 'Данило Перейра', 9, 31, 'Защитник', 4),
       (133, 8, 'Франция', 'Леандро Паредес', 9, 26, 'Полузащитник', 35),
       (134, 7, 'Франция', 'Клиен Мбаппе', 9, 22, 'Напидающий', 150),
       (135, 19, 'Испания', 'Пабло Сарабия', 9, 29, 'Полузащитник', 15),
--     Zenit
       (136, 2, 'Россия', 'Даниил Кравец', 10, 27, 'Нападающий', 15),
       (137, 4, 'Россия', 'Ярослав Ракицкий', 10, 32, 'Защитник', 8),
       (138, 5, 'Россия', 'Дмитрий Чистяков', 10, 32, 'Защитник', 4),
       (139, 6, 'Россия', 'Дмитрий Кузьмин', 10, 27, 'Защитник', 7),
       (140, 7, 'Россия', 'Магомед Оздоев', 10, 29, 'Полузащитник', 10),
       (141, 8, 'Россия', 'Вильмар Барриос', 10, 28, 'Полузащитник', 15),
       (142, 9, 'Россия', 'Сердар Азмун', 10, 26, 'Нападающий', 30),
       (143, 10, 'Россия', 'Малком', 10, 24, 'Полузащитник', 35),
       (144, 11, 'Россия', 'Сергей Семак', 10, 22, 'Нападающий', 3),
       (145, 12, 'Россия', 'Игорь Смольников', 10, 32, 'Защитник', 2),
       (146, 15, 'Россия', 'Далер Кузяев', 10, 24, 'Полузащитник', 10),
       (147, 19, 'Россия', 'Михаил Кержаков', 10, 33, 'Нападающий', 4),
       (148, 20, 'Россия', 'Андрей Лунёв', 10, 39, 'Вратарь', 5),
       (149, 23, 'Россия', 'Вячеслав Караваев', 10, 25, 'Защитник', 10),
       (150, 31, 'Россия', 'Артём Дзюба', 10, 33, 'Нападающий', 12);

INSERT INTO football_club.training (train_id, type_of_training, date_of_training, coach_id, player_id)
VALUES (1, 'Тренировка на технику', '2023-04-28', 3, 20),
       (2, 'Тренировка на скорость', '2023-04-29', 1, 12),
       (3, 'Тренировка на технику', '2023-04-30', 2, 17),
       (4, 'Тренировка на выносливость', '2023-05-01', 1, 7),
       (5, 'Тренировка на пасы', '2023-05-02', 4, 64),
       (6, 'Тренировка на скорость', '2023-05-03', 3, 33),
       (7, 'Тренировка на технику', '2023-05-04', 5, 75),
       (8, 'Тренировка на пасы', '2023-05-05', 2, 18),
       (9, 'Тренировка на выносливость', '2023-05-06', 4, 67),
       (10, 'Тренировка на технику', '2023-05-07', 5, 90),
       (11, 'Тренировка на скорость', '2023-05-08', 2, 14),
       (12, 'Тренировка на выносливость', '2023-05-09', 1, 11),
       (13, 'Тренировка на пасы', '2023-05-10', 4, 72),
       (14, 'Тренировка на технику', '2023-05-11', 3, 48),
       (15, 'Тренировка на скорость', '2023-05-12', 5, 60),
       (16, 'Тренировка по тактике', '2022-04-20', 6, 90),
       (17, 'Тренировка по физической подготовке', '2022-05-02', 7, 84),
       (18, 'Тренировка на технику', '2022-06-05', 6, 100),
       (19, 'Тренировка на спринты', '2022-07-11', 9, 135),
       (20, 'Тренировка на атакующую игру', '2022-08-15', 8, 122),
       (21, 'Тренировка на защитную игру', '2022-09-19', 10, 148),
       (22, 'Тренировка по точности передач', '2022-10-23', 6, 80),
       (23, 'Тренировка на скорость реакции', '2022-11-28', 7, 93),
       (24, 'Тренировка на перехват мяча', '2023-01-03', 9, 141),
       (25, 'Тренировка на удар с разворота', '2023-02-07', 8, 129),
       (26, 'Тренировка на игру головой', '2023-03-14', 10, 145),
       (27, 'Тренировка на угловые удары', '2023-04-18', 6, 85),
       (28, 'Тренировка на выбор позиции', '2023-05-22', 7, 91),
       (29, 'Тренировка на пенальти', '2023-06-26', 9, 137),
       (30, 'Тренировка на игру в контратаки', '2023-07-31', 8, 126);

INSERT INTO football_club.competition (competition_id, competition_nm, organising_body, founded, number_of_team, region)
VALUES (1, 'Лига Чемпионов', 'УЕФА', 1955, 32, 'Европа'),
       (2, 'Лига Европы', 'УЕФА', 1971, 48, 'Европа'),
       (3, 'Английская Премьер-лига', 'The Football Association', 1992, 20, 'Англия'),
       (4, 'Ла Лига', 'Liga Nacional de Fútbol Profesional', 1929, 20, 'Испания'),
       (5, 'Серия А', 'Lega Nazionale Professionisti Serie A', 1898, 20, 'Италия'),
       (6, 'Бундеслига', 'Deutsche Futball Liga', 1863, 18, 'Германия'),
       (7, 'Лига 1', 'Ligue de Football Professionnel', 1932, 20, 'Франция'),
       (8, 'Российская Премьер-лига', 'Professional Football League', 2001, 16, 'Россия'),
       (9, 'Английский Кубок', 'The Football Association', 1871, 736, 'Англия'),
       (10, 'Кубок Испании', 'Real Federación Española de Fútbol', 1903, 116, 'Испания'),
       (11, 'Кубок Италии', 'Lega Nazionale Professionisti', 1922, 78, 'Италия'),
       (12, 'Кубок Франции', 'Ligue de Football Professionnel', 1917, 168, 'Франция'),
       (13, 'Кубок России', 'Russian Football Union', 1992, 128, 'Россия');

INSERT INTO football_club.honours (honours_id, club_id, competition_id, year)
VALUES (1, 7, 1, 2020),
       (2, 5, 2, 2020),
       (3, 3, 3, 2019),
       (4, 2, 4, 2018),
       (5, 8, 5, 2020),
       (6, 7, 6, 2021),
       (7, 7, 7, 2017),
       (8, 10, 8, 2020),
       (9, 6, 9, 2020),
       (10, 1, 10, 2019),
       (11, 8, 11, 2021),
       (12, 9, 12, 2018),
       (13, 10, 13, 2020);

INSERT INTO football_club.matchday (matchday_id, competition_id, round, date, home_club_id, away_club_id, result)
VALUES (1, 1, 'Группа F - 1 тур', '2022-08-22', 1, 10, '2:0'),
       (2, 2, 'Группа H - 1 тур', '2022-09-14', 5, 7, '1:1'),
       (3, 3, 'Тур 8', '2022-10-01', 3, 2, '2:3'),
       (4, 4, 'Тур 5', '2022-11-04', 4, 6, '1:0'),
       (5, 5, 'Тур 9', '2022-12-03', 2, 8, '0:1'),
       (6, 6, 'Тур 14', '2023-01-20', 9, 4, '2:2'),
       (7, 7, 'Тур 21', '2023-02-25', 7, 3, '3:1'),
       (8, 8, 'Тур 18', '2023-03-16', 10, 1, '0:2'),
       (9, 9, 'Четвертьфинал', '2023-04-07', 6, 5, '3:2'),
       (10, 10, 'Финал', '2023-05-18', 1, 8, '1:0');

INSERT INTO football_club.goal (goal_id, match_id, player_id, club_id, assist_player_id)
VALUES (1, 1, 1, 1, NULL),
       (2, 1, 1, 1, NULL),
       (3, 2, 20, 5, 12),
       (4, 2, 11, 7, NULL),
       (5, 3, 24, 3, 23),
       (6, 3, 16, 2, 17),
       (7, 3, 10, 3, NULL),
       (8, 4, 13, 4, 14),
       (9, 5, 22, 2, NULL),
       (10, 6, 30, 9, 29),
       (11, 6, 7, 4, 6),
       (12, 6, 25, 9, NULL),
       (13, 7, 19, 7, 18),
       (14, 7, 26, 3, NULL),
       (15, 7, 14, 7, NULL),
       (16, 8, 2, 10, 3),
       (17, 8, 4, 1, NULL),
       (18, 9, 7, 6, 8),
       (19, 9, 20, 5, NULL),
       (20, 10, 1, 1, NULL);

INSERT INTO football_club.partner
VALUES (1, 'Rakuten'),
       (2, 'Fly Emirates'),
       (3, 'Standart Chartered'),
       (4, 'Etihad'),
       (5, 'Chevrolet'),
       (6, 'Three'),
       (7, 'Telekom'),
       (8, 'Jeep'),
       (9, 'Accor'),
       (10, 'Gazprom');

INSERT INTO football_club.contract
VALUES (1, 1, 1, '2022-01-01', '2025-12-31', '50'),
       (2, 2, 2, '2021-07-01', '2026-06-30', '70'),
       (3, 3, 3, '2020-08-01', '2024-07-31', '40'),
       (4, 4, 4, '2023-01-01', '2027-12-31', '100'),
       (5, 5, 5, '2021-09-01', '2024-08-31', '55'),
       (6, 6, 6, '2021-02-01', '2025-01-31', '60'),
       (7, 7, 7, '2022-07-01', '2026-06-30', '80'),
       (8, 8, 8, '2023-08-01', '2027-07-31', '90'),
       (9, 9, 9, '2021-06-01', '2025-05-31', '65'),
       (10, 10, 10, '2022-05-01', '2026-04-30', '30');
